275980,TIGER 글로벌4차산업혁신기술(합성 H)
276990,KODEX 글로벌4차산업로보틱스(합성)
371450,TIGER 글로벌클라우드컴퓨팅INDXX
394340,KOSEF 릭소글로벌디지털경제MSCI
248270,TIGER S&P글로벌헬스케어(합성)
354350,HANARO 글로벌럭셔리S&P(합성)
276650,KBSTAR 글로벌4차산업IT(합성 H)
276000,TIGER 글로벌자원생산기업(합성 H)
394670,TIGER 글로벌리튬&2차전지SOLACTIVE(합성)
269370,TIGER S&P글로벌인프라(합성)
269420,KODEX S&P글로벌인프라(합성)
269530,ARIRANG S&P글로벌인프라
394660,TIGER 글로벌자율주행&전기차SOLACTIVE
394350,KOSEF 릭소글로벌퓨처모빌리티MSCI
387270,TIGER 글로벌BBIG액티브
189400,ARIRANG 글로벌MSCI(합성 H)
195970,ARIRANG 선진국MSCI(합성 H)
251350,KODEX 선진국MSCI World
329670,KODEX TRF7030
329660,KODEX TRF5050
321410,KODEX 멀티에셋하이인컴(H)
329650,KODEX TRF3070
284430,KODEX 200미국채혼합
182490,TIGER 단기선진하이일드(합성 H)
287180,ARIRANG 미국나스닥기술주
314250,KODEX 미국FANG플러스(H)
381170,TIGER 미국테크TOP10 INDXX
185680,KODEX 미국S&P바이오(합성)
203780,TIGER 미국나스닥바이오
390390,KODEX 미국반도체MV
182480,TIGER 미국MSCI리츠(합성 H)
181480,KINDEX 미국다우존스리츠(합성 H)
352560,KODEX 다우존스미국리츠(H)
375270,KBSTAR 글로벌데이터센터리츠나스닥(합성)
200030,KODEX 미국S&P산업재(합성)
218420,KODEX 미국S&P에너지(합성)
219390,KBSTAR 미국S&P원유생산기업(합성 H)
390400,KODEX 미국스마트모빌리티S&P
280320,KINDEX 미국IT인터넷S&P(합성 H)
391590,KINDEX 미국스팩&IPO INDXX
391600,KINDEX 미국친환경그린테마INDXX
309230,KINDEX 미국WideMoat가치주
213630,ARIRANG 미국다우존스고배당주(합성 H)
143850,TIGER 미국S&P500선물(H)
219480,KODEX 미국S&P500선물(H)
269540,ARIRANG 미국S&P500(H)
304940,KODEX 미국나스닥100선물(H)
133690,TIGER 미국나스닥100
245340,TIGER 미국다우존스30
280930,KODEX 미국러셀2000(H)
360750,TIGER 미국S&P500
360200,KINDEX 미국S&P500
367380,KINDEX 미국나스닥100
368590,KBSTAR 미국나스닥100
373790,KOSEF 미국방어배당성장나스닥
381180,TIGER 미국필라델피아반도체나스닥
379780,KBSTAR 미국S&P500
379800,KODEX 미국S&P500TR
379810,KODEX 미국나스닥100TR
354240,KBSTAR 미국고정배당우선증권ICE TR
276970,KODEX 미국S&P고배당커버드콜(합성 H)
329750,TIGER 미국달러단기채권액티브
332610,ARIRANG 미국단기우량회사채
267440,KBSTAR 미국장기국채선물(H)
304660,KODEX 미국채울트라30년선물(H)
305080,TIGER 미국채10년선물
308620,KODEX 미국채10년선물
332620,ARIRANG 미국장기우량회사채
352540,KODEX TSE일본리츠(H)
195920,TIGER 일본TOPIX(합성 H)
101280,KODEX 일본TOPIX100
238720,KINDEX 일본Nikkei225(H)
241180,TIGER 일본니케이225
169950,KODEX 중국본토 A50
174360,KBSTAR 중국본토대형주CSI100
192090,TIGER 차이나CSI300
283580,KODEX 중국본토CSI300
168580,KINDEX 중국본토CSI300
220130,SOL 중국본토 중소형 CSI500(합성 H)
250730,KBSTAR 차이나HSCEI(H)
245360,TIGER 차이나HSCEI
310080,KBSTAR 중국MSCI China(H)
256750,KODEX 심천ChiNext(합성)
256450,ARIRANG 심천차이넥스트(합성)
117690,TIGER 차이나항셍25
99140,KODEX China H
250730,KBSTAR 차이나HSCEI(H)
396520,TIGER 차이나반도체FACTSET
396510,TIGER 차이나클린에너지SOLACTIVE
371460,TIGER 차이나전기차SOLACTIVE
371470,TIGER 차이나바이오테크SOLACTIVE
371160,TIGER 차이나항셍테크
372330,KODEX 차이나항셍테크
371870,KINDEX 차이나항셍테크
371150,KBSTAR 차이나항셍테크
298770,KODEX 한국대만IT프리미어
316300,KINDEX 싱가포르리츠
105010,TIGER 라틴35
291130,KINDEX 멕시코MSCI(합성)
245710,KINDEX 베트남VN30(합성)
195980,ARIRANG 신흥국MSCI(합성 H)
277540,KINDEX S&P아시아TOP50
245350,TIGER 유로스탁스배당30
195930,TIGER 유로스탁스50(합성 H)
291890,KODEX MSCI EM선물(H)
256440,KINDEX 인도네시아MSCI(합성)
200250,KOSEF 인도Nifty50(합성)
261920,KINDEX 필리핀MSCI(합성)
379790,KBSTAR 유로스탁스50(H)
137610,TIGER 농산물선물Enhanced(H)
271060,KODEX 3대농산물선물(H)
138920,KODEX 콩선물(H)
138910,KODEX 구리선물(H)
160580,TIGER 구리실물
132030,KODEX 골드선물(H)
319640,TIGER 골드선물(H)
139320,TIGER 금은선물(H)
144600,KODEX 은선물(H)
139310,TIGER 금속선물(H)
130680,TIGER 원유선물Enhanced(H)
261220,KODEX WTI원유선물(H)
334690,KBSTAR 팔라듐선물(H)
261240,KODEX 미국달러선물
138230,KOSEF 미국달러선물
292560,TIGER 일본엔선물
337150,KODEX 200exTOP
315930,KODEX Top5PlusTR
252000,TIGER 200동일가중
252650,KODEX 200동일가중
295820,ARIRANG 200동일가중
322150,KINDEX 스마트하이베타
100910,KOSEF KRX100
304760,HANARO KRX300
292160,TIGER KRX300
292500,SOL KRX300
292190,KODEX KRX300
292050,KBSTAR KRX300
292730,FOCUS KRX300
292750,ARIRANG KRX300
292150,TIGER TOP10
228820,TIGER KTOP30
229720,KODEX KTOP30
310970,TIGER MSCI Korea TR
278540,KODEX MSCI Korea TR
332940,HANARO MSCI Korea TR
156080,KODEX MSCI Korea
232080,TIGER 코스닥150
316670,KOSEF 코스닥150
229200,KODEX 코스닥 150
270810,KBSTAR 코스닥150
304770,HANARO 코스닥150
301400,ARIRANG 코스닥150
354500,KINDEX 코스닥150
328370,ARIRANG 코스피TR
277630,TIGER 코스피
226490,KODEX 코스피
305050,KINDEX 코스피
302450,KBSTAR 코스피
227830,ARIRANG 코스피
140950,파워 코스피100
159800,마이티 코스피100
153270,KOSEF 코스피100
237350,KODEX 코스피100
310960,TIGER 200TR
295040,SOL 200TR
294400,KOSEF 200TR
278530,KODEX 200TR
332500,KINDEX 200TR
332930,HANARO 200TR
152870,파워 200
108590,TREX 200
102110,TIGER 200
69660,KOSEF 200
69500,KODEX 200
105190,KINDEX 200
148020,KBSTAR 200
293180,HANARO 200
152100,ARIRANG 200
168300,KTOP 코스피50
122090,ARIRANG 코스피50
359210,KODEX 코스피TR
361580,KBSTAR 200TR
385720,TIMEFOLIO Kstock액티브
325020,KODEX 배당가치
252720,KBSTAR 모멘텀밸류
333980,ARIRANG KS퀄리티가중TR
275290,KODEX MSCI밸류
333970,ARIRANG KS밸류가중TR
227570,TIGER 우량가치
244670,KODEX 밸류Plus
272230,KINDEX 스마트밸류
234310,KBSTAR V&S셀렉트밸류
244660,KODEX 퀄리티Plus
275300,KODEX MSCI퀄리티
322120,KINDEX 스마트퀄리티
145850,TREX 펀더멘탈 200
223190,KODEX 200가치저변동
143460,KINDEX 밸류대형
315960,KBSTAR 대형고배당10TR
277640,TIGER 코스피대형주
337140,KODEX 코스피대형주
391670,HK 베스트일레븐액티브
395170,KODEX Fn Top10동일가중
252730,KBSTAR 모멘텀로우볼
333940,ARIRANG KS로우볼가중TR
215620,HK S&P코리아로우볼
174350,TIGER 로우볼
322130,KINDEX 스마트로우볼
279540,KODEX 최소변동성
391680,HK 하이볼액티브
333960,ARIRANG KS모멘텀가중TR
275280,KODEX MSCI모멘텀
147970,TIGER 모멘텀
244620,KODEX 모멘텀Plus
272220,KINDEX 스마트모멘텀
192720,파워 고배당저변동성
251590,ARIRANG 고배당저변동50
104530,KOSEF 고배당
279530,KODEX 고배당
266160,KBSTAR 고배당
270800,KBSTAR KQ고배당
322410,HANARO 고배당
161510,ARIRANG 고배당주
210780,TIGER 코스피고배당
211560,TIGER 배당성장
211900,KODEX 배당성장
325010,KODEX Fn성장
104520,KOSEF 블루칩
281990,KBSTAR 중소형고배당
266550,ARIRANG 중형주저변동50
333950,ARIRANG KS로우사이즈가중TR
331910,KOSEF Fn중소형
277650,TIGER 코스피중형주
301440,ARIRANG 코스피중형주
226980,KODEX 200 중소형
337120,KODEX Fn멀티팩터
290080,KBSTAR 200고배당커버드콜ATM
137930,마이다스 200커버드콜5%OTM
166400,TIGER 200커버드콜5%OTM
289480,TIGER 200커버드콜ATM
360150,KODEX 코스닥150롱코스피200숏선물
360140,KODEX 200롱코스닥150숏선물
305540,TIGER 2차전지테마
305720,KODEX 2차전지산업
364980,TIGER KRX2차전지K-뉴딜
337160,KODEX 200ESG
289260,TIGER MSCI KOREA ESG리더스
289040,KODEX MSCI KOREA ESG유니버설
290130,KBSTAR ESG사회책임투자
278420,ARIRANG ESG우수기업
285690,FOCUS ESG리더스
385590,네비게이터 ESG액티브
395750,ARIRANG ESG가치주액티브
395760,ARIRANG ESG성장주액티브
157490,TIGER 소프트웨어
261060,TIGER 코스닥150IT
139260,TIGER 200 IT
285000,KBSTAR 200IT
266370,KODEX IT
326240,KBSTAR IT플러스
363580,KODEX 200IT TR
367740,HANARO Fn5G산업
367760,KBSTAR Fn5G테크
380340,KINDEX Fn5G플러스
139220,TIGER 200 건설
287300,KBSTAR 200건설
117700,KODEX 건설
300610,TIGER K게임
300950,KODEX 게임산업
300640,KBSTAR 게임테마
364990,TIGER KRX게임K-뉴딜
395280,HANARO Fn K-게임
105780,KBSTAR 5대그룹주
138530,TIGER LG그룹+펀더멘털
213610,KODEX 삼성그룹밸류
131890,KINDEX 삼성그룹동일가중
108450,KINDEX 삼성그룹섹터가중
138520,TIGER 삼성그룹펀더멘털
102780,KODEX 삼성그룹
138540,TIGER 현대차그룹+펀더멘털
140700,KODEX 보험
91220,TIGER 은행
91170,KODEX 은행
157500,TIGER 증권
102970,KODEX 증권
139270,TIGER 200 금융
284980,KBSTAR 200금융
280920,ARIRANG 주도업종
322400,HANARO e커머스
139280,TIGER 경기방어
102960,KODEX 기계장비
326230,KBSTAR 내수주플러스
314700,HANARO 농업융복합산업
140570,KBSTAR 수출주
228800,TIGER 여행레저
140580,KBSTAR 우량업종
261140,TIGER 우선주
140710,KODEX 운송
98560,TIGER 방송통신
307510,TIGER 의료기기
329200,TIGER 부동산인프라고배당
150460,TIGER 중국소비테마
307520,TIGER 지주회사
226380,KINDEX Fn성장소비주도주
228790,TIGER 화장품
364690,KODEX 혁신기술테마액티브
373490,KODEX K-이노베이션액티브
365040,TIGER AI코리아그로스액티브
364960,TIGER KRX BBIG K-뉴딜
385710,TIMEFOLIO BBIG액티브
388280,KBSTAR Fn컨택트대표
368470,KINDEX Fn K-뉴딜디지털플러스
368200,KBSTAR Fn K-뉴딜디지털플러스
368680,KODEX Fn K-뉴딜디지털플러스
368190,HANARO Fn K-뉴딜디지털플러스
266360,KODEX 미디어&엔터테인먼트
228810,TIGER 미디어컨텐츠
395290,HANARO Fn K-POP&미디어
395150,KODEX Fn웹툰&드라마
309210,ARIRANG KRX300헬스케어
261070,TIGER 코스닥150바이오테크
227540,TIGER 200 헬스케어
244580,KODEX 바이오
143860,TIGER 헬스케어
266420,KODEX 헬스케어
253280,KBSTAR 헬스케어
364970,TIGER KRX바이오K-뉴딜
91230,TIGER 반도체
91160,KODEX 반도체
388420,KBSTAR 비메모리반도체액티브
395270,HANARO Fn K-반도체
395160,KODEX Fn시스템반도체
396500,TIGER Fn반도체TOP10
227550,TIGER 200 산업재
287320,KBSTAR 200산업재
139290,TIGER 200 경기소비재
287310,KBSTAR 200경기소비재
266390,KODEX 경기소비재
227560,TIGER 200 생활소비재
287330,KBSTAR 200생활소비재
266410,KODEX 필수소비재
139250,TIGER 200 에너지화학
284990,KBSTAR 200에너지화학
117460,KODEX 에너지화학
367770,KBSTAR Fn수소경제테마
377990,TIGER Fn신재생에너지
381570,HANARO Fn친환경에너지
385510,KODEX K-신재생에너지액티브
315270,TIGER 200커뮤니케이션서비스
315480,KBSTAR 200커뮤니케이션서비스
365000,TIGER KRX인터넷K-뉴딜
91180,KODEX 자동차
381560,HANARO Fn전기&수소차
385520,KODEX K-미래차액티브
387280,TIGER 퓨처모빌리티액티브
385600,네비게이터 친환경자동차밸류체인액티브
139230,TIGER 200 중공업
285010,KBSTAR 200중공업
139240,TIGER 200 철강소재
117680,KODEX 철강
285020,KBSTAR 200철강소재
375770,KODEX 탄소효율그린뉴딜
375760,HANARO 탄소효율그린뉴딜
376410,TIGER 탄소효율그린뉴딜
183710,KBSTAR 주식혼합
237440,TIGER 경기방어채권혼합
253290,KBSTAR 헬스케어채권혼합
238670,ARIRANG 스마트베타Quality채권혼합
183700,KBSTAR 채권혼합
241390,KBSTAR V&S셀렉트밸류채권혼합
251600,ARIRANG 고배당주채권혼합
237370,KODEX 배당성장채권혼합
272560,KBSTAR 단기국공채액티브
157450,TIGER 단기통안채
122260,KOSEF 통안채1년
190620,KINDEX 단기통안채
196230,KBSTAR 단기통안채
363510,SOL KIS단기통안채
273140,KODEX 단기변동금리부채권액티브
278620,ARIRANG 단기채권액티브
272580,TIGER 단기채권액티브
390950,HANARO 단기채권액티브
130730,KOSEF 단기자금
214980,KODEX 단기채권PLUS
153130,KODEX 단기채권
239660,ARIRANG 우량회사채50 1년
357870,TIGER CD금리투자KIS(합성)
385550,KBSTAR KIS단기종합채권(AA-이상)액티브
298340,ARIRANG 국채선물3년
114820,TIGER 국채3년
114470,KOSEF 국고채3년
114260,KODEX 국고채3년
114460,KINDEX 국고채3년
114100,KBSTAR 국고채3년
136340,KBSTAR 중기우량회사채
302190,TIGER 중장기국채
272910,KINDEX 중장기국공채액티브
272570,KBSTAR 중장기국공채액티브
397420,KBSTAR 국채선물5년추종
295000,KBSTAR 국채선물10년
152380,KODEX 국채선물10년
289670,ARIRANG 국채선물10년
148070,KOSEF 국고채10년
346000,HANARO KAP초장기국고채
365780,KINDEX 국고채10년
385560,KBSTAR KIS국고채30년Enhanced
363570,KODEX 장기종합채권(AA-이상)액티브KAP
273130,KODEX 종합채권(AA-이상)액티브
385540,KBSTAR KIS종합채권(A-이상)액티브
336160,KBSTAR 금융채액티브
356540,KINDEX KIS종합채권(AA-이상)액티브
341850,TIGER KIS부동산인프라채권TR
KRX:437080,KODEX 미국종합채권 SRI액티브
KRX:449450,PLUS K방산
KRX:465580,ACE 미국빅테크TOP7 Plus
KRX:487240,KODEX AI전력핵심설비
KRX:233160, TIGER 코스닥150 레버리지
